gitee.com,harmonyos_codelabs,httpsrequest
gitee.com,harmonyos_codelabs,mapkit_codelab_demo
gitee.com,harmonyos_codelabs,online-authenticationkit_codelab_-fidoclientdemo_-arkts
gitee.com,harmonyos_codelabs,online-authenticationkit_codelab_-ifaaclientdemo_-arkts
gitee.com,harmonyos_codelabs,network-boost-kit-codelab-arkts
gitee.com,harmonyos_codelabs,webcookie
gitee.com,harmonyos_codelabs,webcomponent
gitee.com,harmonyos_codelabs,remote-communication-kit_codelab-c
gitee.com,harmonyos_codelabs,flexlayout
gitee.com,harmonyos_codelabs,multicommunityapplication
gitee.com,harmonyos_codelabs,arktscomponents
gitee.com,harmonyos_codelabs,rdb
gitee.com,harmonyos_codelabs,uidesign-kit_-codelab_-arkts
gitee.com,harmonyos_codelabs,preferences
gitee.com,harmonyos_codelabs,musichome
gitee.com,harmonyos_codelabs,scankit-codelab-clientdemo-arkts
gitee.com,harmonyos_codelabs,quickstart
gitee.com,harmonyos_codelabs,UIAbilityLifeCycle
gitee.com,harmonyos_codelabs,OxHornCampus
gitee.com,harmonyos_codelabs,NewsData
