gitee.com,harmonyos_samples,scan-kit_-sample-code_-clientdemo_-arkts
gitee.com,harmonyos_samples,UserAuth
gitee.com,harmonyos_samples,stage-model
gitee.com,harmonyos_samples,RemoteCommunicationPlatform
gitee.com,harmonyos_samples,observer
gitee.com,harmonyos_samples,network-performance-timing
gitee.com,harmonyos_samples,network-manager
gitee.com,harmonyos_samples,CustomizeKeyboard
gitee.com,harmonyos_samples,DynamicComponent
gitee.com,harmonyos_samples,hmosworld
gitee.com,harmonyos_samples,
gitee.com,harmonyos_samples,
gitee.com,harmonyos_samples,
gitee.com,harmonyos_samples,
gitee.com,harmonyos_samples,crypto-framework
gitee.com,harmonyos_samples,crypto-collection
gitee.com,harmonyos_samples,network-boost-kit-sample-code-arkts
gitee.com,harmonyos_samples,push-kit-sample-code-clientdemo-arkts
gitee.com,harmonyos_samples,HMRouter
gitee.com,harmonyos_samples,ui-test
gitee.com,harmonyos_samples,state-management
gitee.com,harmonyos_samples,LandscapePortraitToggle
gitee.com,harmonyos_samples,uidesign-kit_-sample-code_-arkts
gitee.com,harmonyos_samples,preferences
gitee.com,harmonyos_samples,international
gitee.com,harmonyos_samples,concurrent-module
gitee.com,harmonyos_samples,debug
gitee.com,harmonyos_samples,cipher
gitee.com,harmonyos_samples,certificate-framework
gitee.com,harmonyos_samples,navigation-router
gitee.com,harmonyos_samples,exception-handling
